age,income,credit_score,loan_amount,debt_to_income,employment_years,loan_status
58,40743,756,38328,0.46624913847961247,7.276328297489122,0
48,31117,734,43833,0.29025056125609044,8.750803521647581,0
34,67832,658,28935,0.37941675615771375,27.729287011576737,0
62,49380,780,40524,0.5190165751832696,6.911599181576683,0
27,52609,559,18355,0.5570647606964896,8.677317084590046,0
40,63618,619,29361,0.20774365684803353,11.08062390268297,0
58,49868,562,20535,0.7839221735816232,19.91228215876161,1
38,56771,728,23639,0.48134055888795224,3.547151774164216,0
42,62237,591,37958,0.19498182245459553,28.61835637481328,0
30,58501,632,44674,0.7255446773422937,25.967136602842935,0
30,54289,711,10467,0.15224690175560018,17.316482190268506,1
43,76746,719,33558,0.7354148032242589,20.221136022748702,0
55,68629,559,31196,0.7975959594022878,0.4998141373264797,0
59,48713,755,10328,0.5903022594095527,10.168343260453462,0
43,36354,695,14535,0.6393130547517929,23.86980691984326,0
22,59579,541,18995,0.33611198552724053,2.3244892137715767,0
41,53237,517,12511,0.7591037969137536,8.469415026321606,0
21,75634,648,15967,0.47079977627585734,17.55890485002934,0
43,64812,735,17042,0.6126719126182885,7.692390830968254,1
63,61463,737,20105,0.7468754011378956,28.019339224335578,0
49,50194,685,38722,0.7826259831828558,3.9317589241287108,0
57,36864,654,30736,0.6832430496176721,23.921830737233357,0
21,47030,701,49381,0.312112254887421,15.238460757192247,0
40,57152,564,23663,0.7765832615864577,22.50992327459868,0
52,24056,818,38923,0.5396836718705003,9.321459849343423,0
31,68625,817,44216,0.7514497334463719,15.434688069361163,0
41,81005,692,35554,0.5732735180700463,25.70506049169529,0
63,20825,669,23533,0.31506727329340434,14.006342973693132,0
44,28996,608,38911,0.3590171668999712,10.791595857308089,0
68,53444,702,14165,0.4853302439720584,16.084661587582083,0
46,41261,580,19739,0.6530103890919174,21.520882591091006,0
61,53913,427,29600,0.32258778593823445,13.306900364955082,0
47,48924,378,30893,0.5058118162939345,28.16630925426819,0
35,34642,570,5996,0.34193749550348107,8.848374721270261,0
34,69326,665,47530,0.671038583244575,14.263908185073612,1
66,56967,683,36348,0.4267096656375653,22.707829780243244,0
63,41603,601,27306,0.15370597879701967,20.673632714872745,0
22,72575,664,46990,0.21623676503707548,25.909231572514685,0
56,42373,622,24759,0.14277326733374263,29.90427542043327,0
26,31372,550,49119,0.4495120622100277,12.805749863852686,0
40,52752,644,28052,0.17443610814375904,3.334526393499355,1
28,55297,731,10142,0.1798979785167425,0.9124764242390393,0
58,57978,554,39416,0.7587337820268639,21.806307184193148,1
37,60445,554,35550,0.7108585505232389,26.22041013926147,1
23,57741,543,39784,0.4164606177679562,6.62137757833256,0
44,57132,456,47814,0.7900637245951441,4.7534411156971785,0
33,41393,601,39942,0.10013056971946419,1.8661527457707294,0
69,39788,721,32510,0.5297856193913757,24.68108765151619,0
28,61135,667,43578,0.5314997241603091,9.34145819677753,1
45,53651,633,35296,0.4202101391089218,12.050906782793295,0
21,62303,662,23365,0.37786358105400497,15.08250574828837,1
39,24390,601,44852,0.41876819483642536,25.183597026286524,0
47,42488,455,14985,0.39047230525577636,19.52499664684455,1
66,78605,728,37158,0.6113447342376096,18.45193889573434,1
26,58287,757,44670,0.19474880448129886,5.270162998677321,0
63,54433,577,37909,0.23834745441379113,15.395696751294892,0
27,60618,634,36377,0.22636275987469653,21.461430515359655,0
66,83126,626,38868,0.2837294095848852,29.197826490914753,1
54,79970,685,25927,0.46768089314710837,6.042189276400567,1
33,26307,818,44337,0.17784612313675313,0.28630059201679936,0
36,31842,765,14154,0.707718506728553,2.2590430079540926,0
55,25798,612,10732,0.30815307191593067,11.275573955459377,0
69,38793,704,17847,0.2137765912280955,24.616339432379615,1
59,50823,775,28920,0.5729349167187704,0.21426245304735136,0
23,53630,690,27975,0.1266604104195235,13.701917786575208,1
21,27042,649,41926,0.5339779954119149,9.876918460241836,0
25,21989,694,23205,0.5887389014735499,1.5744513029918272,0
61,38528,579,26795,0.25044157197070344,13.507088600178518,0
23,63742,594,5601,0.129374851410544,7.642461220101565,0
48,66355,543,23438,0.3545517512436147,10.556545030410193,0
37,75587,680,34149,0.16901596116935555,21.16845914352879,0
45,49515,636,5697,0.18153449477133599,15.646529517329013,0
63,62422,567,17639,0.2779828620114052,3.7394228697844003,0
53,65148,633,14358,0.3068275472387315,28.84243621270917,0
29,42547,696,6889,0.4709792387149945,19.07732297129215,0
55,55817,841,26566,0.5748743198521092,22.976052769875945,1
33,59880,751,13177,0.5149396586091294,2.3763945002511244,0
50,36362,421,38438,0.2038522361026618,1.4117513838005669,1
67,74631,673,43156,0.22046022271683852,0.5834415110424351,0
34,49417,792,29551,0.7151384748550402,5.663820833203333,0
27,51305,516,49176,0.4908466205448796,12.432251931554854,0
33,35789,705,25271,0.7089564830283823,28.074784002084684,0
42,38308,626,28101,0.3600825579239121,13.711789777973289,0
59,17052,765,49514,0.5300800052019268,8.707653161175882,0
40,50827,690,15419,0.46656439123822757,16.8580576055899,0
35,87585,561,47414,0.32338644287432383,3.3580373440436775,0
64,34720,629,6927,0.4289407604235168,18.285176730149495,0
37,94642,635,25087,0.4517436137788525,17.0529586299151,0
66,71213,637,8150,0.24053968232967504,23.75979100217129,0
43,42896,761,37815,0.32050726066371216,29.600628348510725,0
45,50408,565,32378,0.653986825354883,7.526204151483316,0
44,47973,750,36798,0.741051767617889,15.28969352411282,0
64,75592,619,21851,0.35185586548170966,27.265962189570107,0
60,57755,672,21626,0.31488059754631276,23.55569653268524,1
48,67729,657,7039,0.23663801520031777,14.622189093024227,1
34,55372,647,20747,0.574943818055407,28.361149488443335,0
64,48320,648,46817,0.32616979116643613,1.7171008055042813,0
20,54896,795,22065,0.791424677369432,27.92995859137752,0
44,43895,734,42411,0.32797936144476725,1.5152217714841965,0
26,28216,613,42904,0.37589523274783976,16.41914232344053,0
28,62205,808,21795,0.5223339373484244,26.713228440032573,0
43,27482,677,33439,0.6611790052339135,7.881628306839085,0
20,45967,685,9291,0.42866306574194357,14.167454968354756,0
63,43402,566,9665,0.3958592236522709,9.729866374109,0
27,59650,600,7189,0.7969464835163659,28.56431751229054,0
43,73470,581,31145,0.10734554879796111,24.709367842592727,0
30,68074,658,24173,0.7265457021958721,21.270045339791388,0
36,60086,713,29661,0.2043985781578162,17.628809598453262,0
27,40551,686,28448,0.6501476933462395,24.617753679724444,0
54,47247,808,20759,0.5325520918924086,11.768011245706413,0
54,45060,561,35486,0.3392930998486645,13.426555653181856,0
52,42945,661,39132,0.7117124688647128,21.900051632425843,0
24,43963,521,5658,0.10903505958669439,10.732642898811427,1
61,43562,557,14325,0.2586834564524466,1.9170282614512146,0
58,42898,776,37095,0.49682495737467525,2.230038266582144,1
60,64278,603,22397,0.3460795820347886,3.460884039171116,0
47,34180,569,34811,0.5272642467228293,26.090439700309883,0
26,39057,437,20613,0.11687713538606678,14.16679277268613,0
28,26248,568,22583,0.18152125133719876,21.386471080342094,0
27,71232,629,12140,0.1889673681529075,11.787280068146798,0
31,38052,514,16620,0.23249855214120663,7.761328422469035,0
53,59911,623,32243,0.42153200856038,10.415765026866358,0
52,57129,777,24492,0.6264900896804999,23.825470359515506,1
67,69782,579,39843,0.7338771865502308,18.756483750943147,0
42,46849,555,43366,0.6847607711989723,28.129193398737062,0
43,35786,537,29374,0.2378215102429785,20.39114335730502,0
56,26663,535,39122,0.4088053865614427,17.105448952640817,0
54,10000,703,18810,0.23958811843097452,18.305880269575034,1
63,52420,654,23673,0.28513027166703353,28.271143184052438,1
59,61632,745,37074,0.4524828870583203,23.646027896001183,1
41,57075,850,22379,0.1476763173064658,0.7212371209931345,0
46,27053,466,31482,0.25272203071529126,16.02419088407092,0
54,65582,688,13341,0.7547647129149821,20.650152346396943,0
20,39526,538,31989,0.42628140486094235,22.46095435317465,1
54,36396,728,43768,0.41177056818451063,6.3942635794181,0
56,39190,622,44088,0.11019700832589524,26.01532063354057,0
66,51176,652,37595,0.2731798229408421,28.67529441525491,0
33,27729,521,38558,0.706404705187527,7.101459175346093,0
22,49444,607,30106,0.21523989978106814,26.478463725517372,0
20,56441,658,31310,0.3905874576743048,2.9093628754828615,0
24,66609,785,11014,0.11003163410690088,1.6712050834573555,1
45,52639,570,24973,0.4348348371693891,3.8767140030824807,1
33,29905,594,25284,0.11471477470835201,1.7322323840110798,0
58,52233,744,48132,0.6737266871460599,25.350367114673276,0
46,34096,564,24398,0.6773976372409726,1.7715043337481584,1
28,33230,764,29720,0.6514195318116589,8.149925740909666,1
34,29559,649,28996,0.2983548482237828,3.1126903060756916,0
34,21331,680,33654,0.6860660527552727,8.86266108941295,0
45,41492,686,38670,0.48009869282368856,2.7167840280276145,0
61,66933,588,15126,0.3616656762069017,20.04009752229042,1
32,83847,688,28792,0.5377309717929631,3.9998044902772545,0
51,41396,572,42166,0.10863873224226181,25.555377775166637,0
58,66291,599,25840,0.20007261432052653,24.51573152179923,0
68,44081,705,17530,0.619605476719184,0.4098505641182826,1
51,25238,679,34461,0.27091312610130713,26.87179066545344,0
23,60514,642,42069,0.5186063821301248,0.8683295023010118,0
49,53522,524,7841,0.3695718219761208,7.1893735487266985,0
56,77270,549,39955,0.698364045159483,0.9716741332798517,0
42,26979,677,41974,0.7666907141976506,10.07530461117948,0
58,91940,723,25768,0.7184953098591333,15.41599577139815,0
64,73875,539,49248,0.2894339962855177,23.899346070454143,0
34,49731,566,40401,0.2359140083322576,10.139446514095084,1
62,45520,663,39814,0.43210442553451456,21.164700740193503,0
48,39262,661,38652,0.1051339055853262,5.62513371356941,0
55,51645,487,11777,0.11806657500422722,22.51795370232379,0
32,47240,666,14775,0.4873034477361001,7.079898177277126,0
51,57706,590,25879,0.46431458291570016,4.306342678313038,0
26,45584,814,16880,0.796207392324682,5.562265511221629,1
41,71224,674,23685,0.24128928475463068,5.461893866455662,0
47,51875,692,44980,0.2806727504123279,15.385886381309735,0
21,46147,694,42094,0.1794784496284007,25.34392743564438,1
61,65364,528,33351,0.7422801067576213,2.388152309775169,0
64,25662,844,43615,0.6444678711209155,21.20868955480268,1
25,55114,487,40269,0.6756373780197933,19.630393789585728,0
47,50383,729,24304,0.7319346515751561,26.17559855488087,0
47,28837,711,14047,0.4674299907080868,7.324426815207216,0
63,24372,602,28139,0.4158352340155066,13.503295760550888,0
63,65155,716,38130,0.3312740315659316,27.77482123330552,0
39,64441,618,24638,0.5124502300434989,19.799803504059515,0
49,52588,582,35004,0.4179948777528758,11.663052385847907,0
30,75749,696,9244,0.4160959106239026,3.942371485658054,1
47,56614,549,38660,0.7558495046117972,7.874550237017731,0
44,68747,627,41572,0.7888220599953911,17.4364643246815,1
58,56304,590,36807,0.6575390725307065,21.545038426815413,0
52,45862,616,48526,0.6297306631728499,3.7326566055568042,0
20,34137,693,42199,0.5763907132453711,17.987917801321622,0
46,40948,590,45639,0.21625239663345963,16.51053836516253,0
32,46143,630,47010,0.14137407461295817,15.418663400721242,1
60,70447,599,41060,0.5835084205792842,20.70369353046024,0
22,61548,794,35341,0.6101503555796032,25.123487852503857,0
58,54954,684,5257,0.13288109376869786,9.689690495306051,0
25,63050,672,25962,0.7496362251601937,26.670365703328784,0
27,57910,718,30702,0.1637984476112743,4.8190083785565205,0
46,53929,590,18681,0.3001303736398417,5.190716092534931,0
28,27520,735,19314,0.5706728689590932,8.003161908717718,0
56,67087,684,48252,0.21891081608313345,3.5859260864123343,0
52,43122,493,45126,0.1387911219095711,6.909576740486328,0
61,66328,507,43213,0.3318025424149049,3.192352887085338,0
63,67778,592,23270,0.6361801023986254,24.65257250956171,0
43,39949,517,5616,0.38957507528968227,4.169069756598738,1
34,64245,626,8610,0.5570810453355576,22.418926726795704,0
51,44585,548,19048,0.5057333680596957,1.4374160374000122,0
51,44674,640,5708,0.11555293741790629,28.455609825417454,0
43,53862,791,5771,0.7919779909319947,21.334802625832985,0
60,54267,645,46247,0.12899966217357145,0.2038964575833535,1
68,50578,619,36777,0.7774619163539396,22.91569500600642,0
68,29985,688,18903,0.48490492485507874,15.42245762298556,0
31,48178,580,10969,0.7742113189455466,23.38095511005359,0
58,84177,734,28023,0.18032751958968485,15.674904266717654,0
21,10000,699,5240,0.44328596342985926,19.23074572906064,0
22,63046,653,47228,0.21865286430624106,23.589949661851215,0
68,65856,665,23666,0.1356824139157097,12.153241637635702,0
56,29624,850,23105,0.5322703805436182,0.08124449461356265,0
68,42958,744,22576,0.24544839467318402,25.498394878355654,0
36,34989,850,8119,0.5113879128012823,11.426710878739877,0
68,77809,703,33724,0.17865513736428995,14.881281780497492,0
21,66545,502,37985,0.332390530002892,0.2329992646190615,0
21,67271,623,35425,0.6471427906372731,14.762760310502939,0
47,51809,479,11229,0.4059360652895314,29.594622047151887,0
42,69681,702,31047,0.5394217904281355,8.348029824563088,0
56,49876,724,30626,0.5532205585218822,11.862548107271342,0
51,70387,561,44078,0.6906285307911055,20.6156998940603,1
52,47769,584,22060,0.32744595608464894,24.44381002570976,1
20,39811,664,21716,0.5811068938077624,12.521748720183009,0
38,77164,530,32833,0.773131064932316,9.290066112038776,0
21,49687,522,33488,0.6111703340505077,28.134773999552014,0
63,36518,773,26117,0.44290933370242125,20.314349000150077,0
45,36355,661,24937,0.5415022111443505,3.5706391347942326,0
51,36401,594,27236,0.6177780284341757,2.067836344039459,0
25,62666,480,43747,0.5285930359857107,14.506495523711072,1
51,48517,735,25752,0.11167306944288741,6.602701981418173,0
23,84469,581,47296,0.2363414483810581,7.619542601287605,0
30,67792,836,27680,0.6673277520508263,26.330765364835447,0
36,53857,735,47714,0.2908554531187393,2.6869807294893198,0
57,71058,569,42477,0.6120934836927938,21.460923456866688,0
43,42567,578,21309,0.36048415066918915,8.134267601417642,0
24,22178,822,43863,0.4653190297105603,22.809846642124132,0
53,35156,641,9952,0.1475813098735826,21.672341533906337,0
25,52208,598,46627,0.2268578927347967,0.22175704332879076,0
41,46661,652,33423,0.7700378744634643,15.274062387647975,0
30,62366,598,7447,0.7230966374128398,4.179584471341391,0
67,48130,674,33991,0.5565925776293352,25.9868109173603,0
35,61220,642,48841,0.42175121817001615,26.147576485872197,0
52,72514,737,8141,0.5730329050266567,12.550374224812742,1
28,48084,611,29960,0.5330272023657574,13.331868553532416,0
25,58327,561,38650,0.4979865789232285,9.098488182135814,1
35,23678,615,41461,0.1414239503044793,21.49818896880093,1
48,48141,614,23622,0.5429618274630549,10.759840890793773,0
22,31520,642,14187,0.6382440311998179,8.033774235679013,0
39,52178,713,6905,0.795857158251903,12.966931785135248,1
55,53539,707,31087,0.10775498681601678,2.744625551623762,0
38,53490,769,25380,0.6111214173174737,22.398096139326114,0
45,42798,568,47693,0.5002525211551864,0.37789203815360883,1
22,84477,688,7727,0.40383652325666974,19.334551845617817,0
38,30979,722,35842,0.18929912219995965,5.485935802646172,0
39,30062,582,6123,0.3863596040444134,6.972121386432394,0
51,74824,629,12714,0.34806402809029474,19.068959959201198,0
26,39435,475,25411,0.31198092228511953,29.788303973487213,0
60,35829,740,25469,0.6116157363255454,23.33152467217652,0
52,84543,628,35856,0.5905078648989847,6.7751889667017595,0
59,64785,730,45959,0.5123140636866381,5.280742651234014,0
58,41083,670,33756,0.7570653693053606,25.986986108030113,0
37,53262,631,47909,0.34489806892659813,13.325518437645128,0
59,79188,490,44672,0.27066135639712574,4.111584084844663,0
20,60374,508,31302,0.5591323191688797,25.866342699658144,0
30,69292,390,42520,0.23916984265618207,24.482770587427844,0
47,62072,593,33915,0.3205073550283972,29.517190916914906,0
44,63953,850,8535,0.2572217080524194,27.292310601380517,1
69,50596,521,38325,0.14840749740295087,25.553710159816248,0
42,50170,386,9270,0.6792491191449714,1.5772319343300945,0
50,54005,746,31733,0.2781783800451628,3.132461084943541,0
49,61016,850,36618,0.4311192523401145,17.069495829123685,1
61,45750,679,7993,0.13032069127801837,15.944377388454626,0
54,51830,678,15385,0.5895376263768503,13.738896434686064,0
26,45344,619,46205,0.3313927016144036,11.903679762437527,0
35,51735,470,32734,0.621315709480447,12.936314545929866,0
45,31235,504,16082,0.3886821423275063,17.078938024043858,0
67,89089,618,36080,0.23702892448393725,0.06229552800243621,0
68,39005,599,31854,0.45922255759742514,7.821263223985566,0
21,44578,638,27570,0.19135319174620785,15.548391620661333,1
20,37711,732,48928,0.40837741191109633,21.666482960209386,0
67,59235,591,35755,0.3221138341943406,5.22470077186189,0
31,47059,734,21894,0.7383717089397432,16.406435213622988,0
24,35542,592,41003,0.14265010520450397,21.433790516573453,1
56,59853,753,44806,0.5858121898740195,13.338829737417141,0
51,61874,658,10634,0.22792581619120514,0.8124340101015315,1
28,48996,606,14024,0.3233315520325679,13.478044753969101,1
60,40045,656,14730,0.3908598441434462,8.893346632324594,0
54,82865,620,36104,0.735610562562482,27.88948823103985,0
38,55101,661,32136,0.26980478625167764,3.738401570349821,0
67,30888,725,32854,0.16391616178126917,19.574278665216966,0
35,71210,641,47334,0.3230827227933666,1.5815929900350345,0
22,37163,613,39916,0.17327317937487335,13.385113134380894,0
39,91128,537,10757,0.19001754017238676,16.619384616602417,1
43,51194,707,20637,0.5016954185825188,8.938647939505964,0
52,65199,684,24592,0.14263135316964534,13.652269065611533,1
43,18799,531,22818,0.12165161697549623,4.906613835905621,0
30,30737,733,35118,0.6000898710293485,9.123715484041085,0
68,70007,530,45135,0.35315296638873117,18.63318974730609,1
27,54767,752,18772,0.18776274446371133,9.054001675834654,0
55,80635,718,29834,0.2775289396017958,26.99229235226615,0
57,57277,691,40523,0.5494605551466794,18.85220872922969,0
59,52179,612,23729,0.29287559699859583,13.159470553079535,0
39,75703,707,12565,0.44616478758428557,1.162708066625474,0
54,65152,757,26372,0.1851867147086706,14.986450056140137,0
67,47056,709,7485,0.5116655463238129,22.943287263752676,0
44,33588,582,47407,0.32125437869028484,7.966727940372409,1
54,14425,676,8366,0.5388779041701016,24.20320708946302,0
44,43435,763,24730,0.665876417612816,7.554202981526444,1
48,32204,850,28844,0.5281524935729948,24.712391638524014,0
37,88965,629,49338,0.3070232938165145,2.5580502483503222,0
65,40244,735,12470,0.2790205910838103,25.985511266070887,0
37,39834,763,10149,0.3291946711134136,14.975593527999914,0
21,27181,568,5391,0.2152343592655534,8.89612768860786,1
54,46005,828,12000,0.22682029559501407,7.953397512454464,0
35,40031,543,14327,0.6534837713301176,12.96031676791088,0
60,76065,730,33376,0.36931280355521146,29.97148494310935,0
55,52527,680,14886,0.4051966263994101,6.609821803127477,0
52,49867,655,5923,0.5158346258967679,3.0964994663699885,1
23,47979,850,42197,0.5127574466060834,17.551055061559858,1
52,61792,619,21451,0.147163810065348,14.656273993207714,0
33,43215,618,20916,0.6820785504363659,15.72588813189922,0
40,60008,783,18611,0.2241285872567576,20.00806252671651,0
67,74209,726,48891,0.6061501452347682,8.014322096119479,0
39,56901,778,12655,0.6408696916897166,27.319949861516655,1
27,46254,661,45420,0.6004296738639197,13.070161983668712,0
26,35698,681,39956,0.5052843525879017,3.8725858542738534,0
22,45873,840,8441,0.11022629797621801,22.268962702018328,0
36,58446,566,49402,0.35226284465421953,19.293130578535507,1
52,27012,639,17211,0.5233876005538068,9.472302074521114,0
67,62473,729,9436,0.3712159071457771,18.645561721021455,0
31,53114,630,42319,0.7044359264389692,6.5958586910693064,0
41,47762,592,36800,0.31616159274473077,13.345180780215886,0
41,40108,711,32774,0.3054743547210623,26.98237566501976,0
65,42854,783,12019,0.2861983851648606,4.0060269948224825,0
49,58959,635,26532,0.33294660827255684,11.60089349962386,0
57,48076,633,40125,0.4901834750199311,24.634272741610417,0
57,42482,585,18663,0.5949107059908136,29.084726982185344,0
64,57028,620,19026,0.5637975424171496,13.617784092653878,0
27,57622,758,5141,0.6654024739870358,15.209988604300422,0
46,31262,658,12840,0.7201397968481975,17.16515885351309,0
46,58572,569,44393,0.671255329640346,27.970444249011326,0
53,87525,676,24878,0.1132617823620482,25.746203729310892,0
40,57044,755,49290,0.6151425674863922,5.118033738649331,1
49,24514,593,22806,0.24587970153283215,13.10273453541225,0
52,52660,517,37183,0.19304962989558788,13.920012845892789,0
47,22537,850,17686,0.5469421493593949,23.6728833494627,0
66,97510,512,21371,0.32382023678538646,18.08678647816306,0
52,83535,614,13582,0.1399820143593103,19.62661386087039,0
24,40010,673,20617,0.19634081407885295,29.94599722996853,1
67,16314,622,29625,0.10065059180897275,2.248801304100392,0
38,36824,642,49629,0.7322565391412952,6.69029470601199,0
23,47285,707,34889,0.11723258868886702,12.236878121146406,0
54,23572,410,13966,0.24661903865665777,10.433472091466616,0
68,48964,523,7023,0.3913839464815352,0.6493668404095077,0
36,47186,654,10686,0.3495999281655734,2.7533281941352747,0
63,51877,609,30314,0.738208113838943,20.428598742107287,0
47,53444,662,39432,0.1282022620141795,26.37973390087682,0
49,35515,672,47318,0.4585502953739361,15.426810337979328,1
48,37198,438,5712,0.5763356237670618,16.17573238540899,1
65,50683,777,28524,0.7521885815768182,7.652802984971382,0
25,40535,600,26189,0.5342598764866048,23.036290909011342,0
54,63612,563,34522,0.6626286652082339,22.553837621017692,1
60,50538,670,30181,0.1586074564917439,17.6509706765297,0
56,77975,660,35916,0.3701576576558492,6.379928595340285,0
43,62307,769,34613,0.3617629941353473,2.9105465471126832,1
48,66555,677,10265,0.7204017515190024,1.9271572757137767,1
68,51988,765,40987,0.20595981988429246,17.780881999286333,0
65,52360,556,10545,0.2063203206356412,24.751059574284,0
50,75969,664,36433,0.32999070492005894,25.749912953427746,0
54,44325,538,23726,0.13812623315678632,13.908662230303495,0
52,58201,659,28123,0.22772062845674304,23.528138979201508,0
40,46006,638,45648,0.7756467469820146,28.406405890230708,0
51,45970,634,45044,0.399728757907021,8.25510337464204,0
42,32466,635,41803,0.5424134458957055,11.938810391422715,0
52,38862,723,27956,0.6082778815412458,27.94436977790042,0
22,36075,489,38130,0.3568729849050404,10.146929019518545,0
37,58915,560,28080,0.2030589520873619,27.416288709653887,0
44,65603,645,44132,0.2446067113552466,29.431345867633972,0
61,48578,532,23124,0.3192865336064273,19.85432185723274,1
50,53444,654,48660,0.5452478942465581,24.506708685125048,0
22,47712,644,46954,0.3787963843623381,22.486366926632556,0
59,37838,509,38372,0.10477028853008968,20.986027728465714,1
65,62933,504,17573,0.4663850295472304,9.207932189436978,0
43,59788,387,10924,0.7450593743351925,1.7128301372383115,0
69,21611,527,43461,0.6684543277060754,10.291551975589519,1
51,45753,651,12438,0.6776479598817418,20.0080795561172,0
66,36769,665,43441,0.6565406123242918,3.0758759468340413,0
41,44135,670,27084,0.32661157792729656,0.35753948934726276,0
42,39943,572,23295,0.6356356836280744,4.190771178088159,0
21,49303,648,45643,0.2002129504678351,21.47207779232386,1
46,45051,689,32173,0.5604013030931675,29.18381104969332,1
61,44732,523,30947,0.5490979966794961,29.491940988444615,0
21,66610,662,30144,0.11789885936281427,14.819374474205638,0
45,58357,715,21702,0.6515790935136522,26.080569029770423,0
36,39441,600,40353,0.7322736735665915,22.10479367254512,0
59,41666,756,16375,0.2871906949304754,15.031207109538103,0
52,57376,603,47250,0.6686735069303057,17.182815988652603,0
28,57356,563,45229,0.15768418030336376,4.116814398506133,0
62,40943,705,20186,0.5199775007827463,28.12984381849776,0
67,46490,850,37825,0.4399528057339941,10.557893121953303,0
58,77702,658,30795,0.4821464733163,13.384477693715086,0
48,41201,713,20194,0.7483436413190416,20.14980692993696,0
61,78662,599,49483,0.7099206730727975,10.017074145796618,0
45,66555,525,6135,0.64955856006783,7.627774829667916,0
54,75881,666,16369,0.29158892037485973,18.931481798106617,0
69,40563,682,28403,0.7382730400802642,0.7495224684554835,0
44,47471,614,28487,0.1682553847247127,21.621753360800366,0
43,43262,713,31501,0.6973304515911515,15.420701096295293,1
32,66901,584,38825,0.3297120506475255,18.172611915628032,0
26,41484,559,33056,0.13764061816338838,18.956404777406554,0
55,60968,756,32012,0.5685498889685239,15.811504694776911,0
64,60174,756,7408,0.2618959498211688,17.47601332322208,0
39,49279,586,21943,0.27049978810524233,20.513646026696236,0
20,69479,821,15442,0.31423301636014006,22.593565415390223,1
27,51615,621,16941,0.14457933725176172,21.823571738583613,0
65,62511,658,29945,0.22398900093877783,26.08849373196785,1
35,42579,641,13977,0.10359773930989222,5.683302995022083,1
33,39148,702,18227,0.4117866647740508,12.034439084753926,0
31,60967,677,15668,0.15897876419257992,28.433881980433714,0
42,56462,675,47682,0.5778568235309394,11.897717231589892,0
34,53649,548,47509,0.2649359958341539,3.7461023071776802,0
47,44844,481,32447,0.760501900824624,15.763353790865386,0
53,73238,764,46603,0.7098761391790569,3.284729176633865,0
21,33251,595,40361,0.3026086264777458,6.085597161835956,0
51,32429,645,31547,0.6482508182596751,29.9495626971287,0
42,64132,682,5289,0.6622714332653644,16.24087915188396,0
41,62901,812,39763,0.7905941798800874,8.52175167121287,0
44,55306,666,36611,0.5184879907919795,29.843248637217183,0
41,45680,610,32686,0.15737601425056355,28.996767556654294,0
41,57536,597,39219,0.5527860602484668,13.222171232527906,0
68,75812,646,28081,0.5374858238632247,7.8120932636372515,0
61,87733,559,36683,0.5468454041943023,25.1519891427657,1
25,25153,652,47082,0.3150019536729481,21.46862150915357,0
34,43716,644,21911,0.7017757095562331,20.60824305010531,0
62,42773,814,36865,0.7716305280687884,26.793412239674176,0
56,74397,641,26405,0.2523987590847061,20.682514016139738,0
52,12780,457,35347,0.16170651069565112,8.513938291246475,0
27,57707,850,39330,0.2361745232179389,20.815894856271967,0
63,46147,745,7045,0.6743864974790031,9.174405338509919,0
63,74571,850,34097,0.5736512443738933,22.77716938970985,0
24,72515,534,15203,0.5452331396373887,18.59243563474698,0
58,55482,627,35151,0.3812551945765972,2.3223465595425177,0
23,26304,717,26074,0.5044795800580051,15.385060873054261,0
25,41391,703,39809,0.3155118876920572,10.299029075872228,0
64,43034,680,10553,0.43404005559257297,9.857118981968828,1
51,30103,430,33184,0.6551441198594592,18.067689071317716,0
49,67318,478,17531,0.7868691182188235,9.669744734082746,0
66,28198,801,43384,0.7527422465128614,23.30681244614618,0
54,79479,819,46777,0.7537061599923742,2.123743080335233,0
59,79442,639,49837,0.3815566143929787,19.81164757187476,1
35,44224,789,40820,0.4281529163547537,24.275844109702238,0
32,54927,547,38918,0.5939447774582871,20.1849506976129,0
69,48915,570,14697,0.745534349635899,14.916875850599872,0
61,63527,539,20120,0.19939598154645927,28.509210412085437,0
49,69120,565,25955,0.31296930467903705,8.998154693941908,1
38,53869,722,39802,0.1974727912158767,0.5750366257493333,0
36,57036,563,46173,0.5284059709716188,12.959681143903225,1
38,40690,850,13511,0.3144106978212763,0.9903580770098175,0
47,56550,696,46506,0.3282754967588014,28.618102575792264,0
45,52441,758,36303,0.14964117164158547,6.297541372441545,0
56,36323,698,32484,0.3448572432653144,23.667810718466384,1
45,49789,771,13992,0.7037475551811098,23.237162495230947,0
42,44252,563,7498,0.2631509683235845,6.531866990488005,0
28,40857,794,30580,0.586631226347046,18.63679591440502,1
31,32802,664,34318,0.5407398414570149,1.4423690545935064,0
20,50937,770,14485,0.7044392258583808,14.507237571116024,0
20,38292,506,30040,0.19260156335572678,0.4394138181746021,0
66,42933,668,43542,0.7843129722415303,27.634316405425253,0
53,66126,664,42577,0.5078400522282559,29.282580725987152,0
51,59481,588,46730,0.79683190664277,6.668482999157558,0
67,35318,681,21464,0.7380603081060956,6.243181037891183,0
44,55278,803,19312,0.25506209047917405,22.61160529686389,0
59,51991,580,38724,0.1393134069323192,7.601381964880034,0
64,75525,746,24400,0.2789473656567531,26.85229677485535,1
20,70747,537,8939,0.469294554299594,17.217874083689466,0
35,26993,850,17726,0.220117456945633,10.523328690309363,0
58,62916,728,23836,0.21722182116259198,24.9808123904826,0
24,68977,822,18163,0.42381548297360716,14.802201012401856,0
41,58390,717,19949,0.1232875798185509,27.348987411254267,0
48,44968,689,18219,0.18532165777258935,27.84042710188143,0
22,86200,729,6867,0.39110293758556336,4.962604563852279,0
31,59771,636,33669,0.14419093644557654,0.06970218395790817,0
45,79648,488,31878,0.37772853951887053,29.517928204272067,0
35,70272,694,34402,0.4318043861639116,27.18412608382438,0
56,56962,574,13653,0.4158866298511801,1.6633570711152423,0
41,41304,539,18304,0.7084224001821612,24.9910279182321,0
48,49638,713,32882,0.47104371853621274,13.7341479767762,0
33,46671,622,31983,0.42758632373463035,7.768848150749257,1
47,31782,752,27784,0.38749647177416635,26.362395710307894,0
24,59754,571,20768,0.6723363648131403,5.900016971709218,0
66,73510,602,46081,0.7265396227998833,28.418999982602006,0
68,45525,765,20289,0.6972697284379823,6.168644630980232,0
49,82454,677,25502,0.5714826046919737,18.410495631862307,0
65,26636,502,35515,0.19615322217807196,6.692590035869246,0
24,65815,675,29435,0.2938089786444086,16.370059949059044,0
31,75072,798,20609,0.1322441445773842,20.519253897454238,0
35,46939,602,24604,0.7515768524930799,5.706837924604127,0
45,47209,709,40751,0.5625589707836373,15.626573481020376,0
45,65641,565,17515,0.6224540190192691,14.07179233170357,0
67,57589,636,11401,0.31810021770756025,2.1311226421002374,0
40,20038,758,19092,0.6919574655941397,24.54923453025909,0
58,37349,671,43229,0.281722298595935,10.070472019285251,0
55,49796,778,9004,0.10115062997871478,17.237465926556386,0
52,29454,692,49626,0.36349047376448584,15.443527047994031,1
49,42887,850,29345,0.4995330366713514,15.397815137113268,1
56,29829,493,49318,0.43509340057586576,3.2166718262546237,0
42,44447,628,47254,0.7034532998036179,12.704460277479983,0
29,44950,541,25376,0.17378370016931688,13.571002776197107,0
24,55276,548,13932,0.48767640844360793,22.009285210933456,0
55,48623,549,12419,0.45908554487463527,25.200564957620955,0
53,57541,666,15799,0.29697508752051416,16.349468343000538,0
50,55753,672,36955,0.6755596788039074,2.6034886219497144,1
29,65470,692,17282,0.6269940591175445,7.105484117896388,0
38,63106,537,20364,0.6130014311322817,4.9480208055819315,0
51,61521,617,25195,0.7133347347886893,3.7384518956737423,0
20,96573,553,46095,0.6059492204350648,10.976978958534227,0
24,55211,743,13522,0.26228890420030854,6.881805064631461,0
64,88903,562,5226,0.5938938981547838,6.549093354345369,0
23,56183,628,7704,0.3153919693728907,1.6407952372880297,0
35,48757,706,45714,0.26952225524322937,0.5301013438630164,0
43,44402,588,34138,0.15110251502973915,3.083047279493454,1
35,72645,719,17286,0.6208200062433737,5.165924382708992,0
21,74607,809,12973,0.5977006733648679,12.929511865446093,0
68,58996,668,18242,0.26414963437186567,15.31560783896534,0
47,67003,740,10165,0.6245653117069092,4.217757545200968,0
51,30841,442,47368,0.7424886181654872,12.743500245725588,0
46,26768,607,40289,0.17562027024410548,10.252465269777819,1
39,68694,668,25807,0.2628456468707425,5.502709304938681,0
43,48097,544,43923,0.6251825558611209,0.20522244445090654,1
31,61239,670,16225,0.2921546714549548,14.010535995652251,0
69,39240,755,37270,0.5372647819986018,20.56955247795598,0
54,74854,462,43525,0.15681495712460017,6.788320024314211,1
52,26893,531,21054,0.4165417353724772,3.9542048969003805,0
52,29216,668,39085,0.6173639953950671,26.611282333408855,0
62,71664,696,18278,0.5805597601302768,8.250743174633934,0
56,10852,723,18448,0.6705504704730648,6.708378593779943,0
31,55678,661,9817,0.7142164886222182,25.712908188297476,0
22,48390,696,24802,0.6412284508811308,24.513212975002837,1
20,38960,740,37837,0.5701114200572482,13.450394115739009,0
52,47000,608,47309,0.12220574427122181,14.677165842833235,0
59,37287,589,32170,0.47447667138661087,6.532461145020659,1
29,73133,633,43841,0.12638840744039698,2.349050114386725,0
62,77067,669,42012,0.6656474719812159,17.202954760669833,0
63,39713,584,12800,0.32450716712197036,2.950347647706394,0
48,54132,610,26861,0.49370056188254474,13.478236408699495,0
32,30123,689,10261,0.2956117151232318,28.21491595539032,0
31,66095,665,35696,0.6477501010662056,28.58503167511753,1
50,65705,631,47745,0.7205517686493318,7.179968596420759,0
65,45571,475,11169,0.37904974594914476,18.72340260136963,0
21,50253,649,38024,0.7040456754576924,14.22228792323573,0
69,48593,552,33450,0.2869525052194327,26.27055382758318,0
54,25723,748,31262,0.47426264615286673,8.142925928281597,0
42,73190,619,22555,0.7011330008870928,0.11107220497250547,0
36,38495,550,20980,0.3281169398310533,4.876836177942453,0
45,38597,643,7036,0.7678295855546601,10.485684035081942,1
27,47743,777,14805,0.18531565124696855,9.471633893114658,0
48,64933,713,5682,0.11279254880645437,23.740887573686578,0
45,41130,671,31163,0.7328947468047335,20.416819984165134,1
29,20717,517,9763,0.1480540663035106,8.986689588446918,0
45,36695,812,44285,0.7943224371632442,13.7323145149864,0
53,56362,587,28541,0.7659778033853744,2.8667731187500567,0
60,82846,743,36486,0.1959146370254245,26.94439334460302,0
26,31101,617,23488,0.4763092379847961,28.062744733456025,0
23,30552,733,30226,0.22944420822700104,29.394106061428143,0
69,27311,780,47419,0.39970862112108396,26.05658492357513,0
64,25449,714,8723,0.14299759048188287,5.218826630886766,0
30,68085,725,16427,0.2567472114576127,1.385894496048865,0
48,72420,640,40099,0.3542909574792297,17.38790182238022,0
55,52666,606,9443,0.40705325017223837,27.378150806493313,0
44,42984,663,8404,0.7842473807462252,5.320540849792286,1
40,76867,616,21269,0.6655059519787869,0.21128743872425582,1
55,52608,850,9147,0.6161869610183623,24.16488138096733,0
29,66341,550,31328,0.47592892031938205,2.30387052860202,0
56,42253,750,15182,0.6879984324230404,12.411180957300912,0
28,50663,701,45306,0.33752598495899777,20.36662011566355,0
43,31439,672,40257,0.5962293789413213,7.103927563685404,0
54,59438,797,36486,0.7956487827647205,2.518876903401801,0
68,52864,679,32762,0.32024023625463915,23.10063685367486,0
54,36581,586,43855,0.5718122744187771,18.905252546611244,0
67,36783,679,15037,0.6910204049066677,29.654714534604143,1
55,74239,631,44289,0.7410653083454706,10.32924099959878,0
37,79575,700,40527,0.6025528836580712,1.852871588705991,0
68,46802,731,38667,0.2985255463919954,22.03050106005887,0
58,51016,564,30256,0.32839750609826257,15.65200256559737,0
51,56001,769,16080,0.11453062248677495,6.396117941674052,0
43,52220,624,24059,0.6326201843700568,23.45186967014278,0
42,24885,694,40710,0.12991772424336598,6.112664575498313,0
51,56418,711,6430,0.705256648221922,7.819849644988097,0
56,18681,686,40192,0.18306243013217716,2.775856631001574,1
31,39009,639,15803,0.220313558495147,11.982968370925633,1
68,57581,601,11493,0.4335685295825662,12.567876718122568,1
32,58999,623,10206,0.6165162906181196,15.436853710448952,0
42,37848,806,6226,0.1973015436393544,21.268928013713325,0
44,43123,563,28561,0.40804975254654896,27.183027860412775,0
54,41092,578,14821,0.43799589208707335,4.132022966634259,0
60,48457,573,49524,0.24859994916801395,1.6304429504597118,0
49,49598,663,30849,0.18089086367644225,0.5559370078299986,1
36,60027,497,11204,0.6854946460899477,4.308641342064488,0
68,42246,514,35994,0.45172595483393596,19.73848457344878,0
39,55600,623,45398,0.11006686518890708,21.8243123398949,0
67,57605,521,38533,0.6620869109163727,23.595171405843665,1
44,52974,529,8439,0.7865556637902095,7.31124635713028,0
41,46105,521,45314,0.5241483367899732,9.176844397845597,1
32,52709,565,40726,0.45259587095884957,14.494039366964984,1
38,61276,723,12123,0.7148911041314732,1.8954929058067949,1
68,62587,745,7330,0.7667617527792191,18.334245696337383,0
55,77230,841,30078,0.6281758411317224,29.51205101027273,0
31,35149,838,12021,0.41181705081400155,10.824189341340077,0
60,43399,728,42556,0.5145549795320083,22.585424252741518,0
38,25797,752,21125,0.5906547555125995,15.00101746708824,0
31,63965,663,46080,0.23599149970126101,3.8343553308114817,0
28,44982,701,30455,0.4130407225515067,17.467123464077588,1
26,53092,844,13220,0.6808748853020995,8.996228053321948,0
47,40934,687,11281,0.5583077439489101,1.032096253603747,1
33,45099,765,30941,0.38784284704829786,19.047891903532314,0
50,68347,556,39284,0.564353773810277,25.767970479741827,0
38,60413,583,40167,0.18275568845072193,10.343093006996224,1
66,48327,681,17409,0.3810483273954135,11.708866416383115,0
35,61517,664,14191,0.6551899765741395,26.730650489016345,0
24,61848,588,5754,0.2543561509956536,24.408264401020677,0
54,44128,850,35563,0.2301730552901924,21.448584706553316,0
31,27963,667,8445,0.7655730619415021,7.463911912594438,0
44,36512,605,23934,0.24692834071036152,27.306499648999335,0
40,29892,665,32075,0.2826430057551177,4.63247272617639,0
55,67466,652,47169,0.7787311572330367,18.803115582516654,0
42,70071,668,19031,0.614295999185518,0.864035416395561,0
35,73795,490,16239,0.5897175731164698,19.311594189748376,0
58,19706,779,34437,0.6970484686982069,8.314330556200796,0
64,66071,784,32865,0.181076157565756,13.4903093155116,1
61,83182,797,19944,0.5941693656060051,10.357936561711593,0
58,66679,682,46764,0.4525820265297673,5.182702687386297,0
33,17731,716,43018,0.6804054481988979,18.659423702816223,0
50,76524,563,15079,0.45569920306563605,26.459266654218222,1
24,50625,733,15761,0.5341689479882386,28.772527268472103,0
54,46514,675,28053,0.43441948847967515,5.770390894617452,0
42,56766,603,39810,0.4347112464890909,21.521183221889203,0
48,34264,736,6981,0.6375789846432821,19.930180998170467,0
62,50041,740,36200,0.5399964804530983,10.301333687237177,0
30,74306,656,34170,0.5432842411265874,0.5729759806117751,0
37,59335,693,15416,0.4151977386820681,20.693737419385982,0
66,50876,546,35660,0.47177664743626935,28.364845816785007,1
31,51344,774,47308,0.6220023663433512,18.96360365746954,0
28,32279,560,7105,0.6781586433783428,13.058781725629023,0
29,47750,579,19384,0.5875929815008324,15.75461682334885,0
63,25485,656,24717,0.7468510921919782,5.988864229797526,1
36,65336,761,45466,0.6742268617030407,22.516324912612127,1
57,17214,761,48301,0.4933046528666629,22.39259490029547,0
26,62823,649,24985,0.5699842508506159,4.365519011622748,0
65,64691,727,38751,0.7484157938448373,26.339351474989773,0
32,69781,481,28924,0.5334176309701409,8.075692184199157,0
59,51302,578,29200,0.6773648635858815,29.467681828098446,0
61,63749,580,17514,0.582167352512991,11.487090421117374,0
28,47603,775,14763,0.4863554527423266,5.336521762034989,0
69,32199,715,17960,0.2692867367907472,10.551603340369569,0
46,72960,668,30034,0.3981982636278997,13.205409860915795,0
21,48546,678,6311,0.777419977383601,2.0792331911488446,0
24,28857,806,45826,0.5604357682908201,17.346551436698686,0
48,42997,632,12032,0.4950767662372928,17.928973196067012,0
56,43590,518,14903,0.7530696378697592,22.167913660484167,0
57,56925,758,28322,0.5105582467262142,0.8750967687222988,0
38,85205,668,36955,0.46825776289218213,16.237146433014903,0
27,57836,745,9307,0.6315175986051437,1.5872229981199315,0
67,53102,645,19296,0.5988659332905811,21.034326598999602,0
64,86836,566,48590,0.23521200588590294,1.6718395710295342,0
20,64683,690,16805,0.4299157922018848,27.35183545024898,0
41,53813,651,19087,0.4307608099737097,21.0624770065349,0
36,42808,668,42642,0.36475716067034136,15.221692952554713,1
26,54743,811,7259,0.4621054375065772,13.245117698435248,0
44,49004,540,25907,0.38917517840900095,3.9201789123978714,1
64,51371,678,22082,0.23954184262982822,8.729981686939892,0
23,69716,568,19246,0.38865654109227676,26.06877315062689,1
55,41895,390,17856,0.15059386330122362,27.133584346874816,0
25,57703,645,9111,0.5030501039420882,0.022431251115931916,0
50,64234,653,19167,0.6975581842587784,17.824091744326537,0
38,40068,712,6937,0.6077009590481887,21.57901827075341,0
63,37660,628,40143,0.35227582803787794,18.562409473728188,1
58,47744,501,22920,0.16094984390411574,2.450392945990619,0
46,43075,567,24975,0.24150457945768955,6.531746963967066,0
29,67284,781,45211,0.481843238346385,7.510208021441581,0
45,34973,566,34612,0.24493995836812302,24.95173893915269,0
38,51027,808,5362,0.4807811778994773,13.895983089267613,1
58,88190,754,47442,0.26211931733472926,14.604846358237104,0
22,56195,618,15671,0.694246708633251,28.046791396635257,0
64,58689,577,9842,0.37809003098832183,19.112576665641466,0
32,67410,754,39565,0.27188543816114374,26.960031046579914,1
69,43055,625,27521,0.6686283261729431,13.695265660245989,0
47,33778,495,24519,0.33998727536381557,4.483087755548826,0
39,52647,706,16227,0.17804138148714738,27.89806782222257,0
47,53981,691,29636,0.4992866439825492,13.761153470026148,0
27,25726,763,17347,0.5070949431065922,5.448942656364656,0
60,55626,684,45571,0.600286972665014,9.071872209117668,1
58,66047,595,14684,0.2681536032458699,1.5240776906682674,0
20,36305,776,44795,0.4106399373645716,14.049017743691554,1
22,56533,786,30173,0.2976575433298594,25.593845157307097,0
32,63383,673,42281,0.1566676152809817,28.00741368020068,0
47,58800,656,37078,0.7136296789111242,27.978066225109313,1
68,60215,517,36351,0.6102088631418389,3.756900768862402,0
44,46327,589,19595,0.31102414162116054,11.46161647533171,0
52,33087,726,15525,0.5195610950103905,0.8468627895211911,0
57,43292,594,14489,0.24088465169413073,25.654960349144183,0
25,41209,504,43573,0.7231656352570397,10.762672860638213,0
63,48796,850,41919,0.18043444035333722,18.933510836767045,0
64,66399,503,24825,0.10268600185546063,21.44695314231866,1
51,30322,850,10958,0.4514057384174276,12.895340092294662,1
64,52163,619,22201,0.5081894764170085,9.19327009650729,0
66,34048,641,32870,0.5052757242070631,28.86638730347834,1
40,38899,582,25448,0.1381583492064784,28.934646750715626,1
35,58381,728,40108,0.3198306648429028,8.683091040900658,0
40,32150,506,49893,0.4494392627889323,14.388752902333742,0
30,61013,465,13600,0.25160542993906865,29.18532475980067,0
56,29717,811,25684,0.7108381198401275,0.1460522296650968,0
55,60004,569,24394,0.16097650262300384,12.380347451374478,0
54,26757,724,18702,0.44116910917043006,3.013726490429053,1
38,40732,541,13914,0.5839912402592065,15.274738966878079,0
39,78447,720,7956,0.28322577009413774,0.7400986362146145,0
37,75628,818,44920,0.5369685158982628,12.206952941718836,0
66,43812,597,23893,0.6805696050996622,6.620972243560054,0
60,55849,456,27360,0.2332358825665333,15.999250873762223,0
68,68061,818,46262,0.742054414277404,29.87980947302099,0
33,60219,742,39933,0.4874909728636506,24.01608315380243,0
34,45898,602,10872,0.30946240301074246,25.36926274873264,0
50,38770,628,30443,0.40160079276758953,19.057949620772426,0
20,63021,538,24901,0.3185343186504716,1.2467954481677568,0
22,66960,792,40874,0.6075778119533213,6.203930281324324,0
35,75735,596,37590,0.6574104643905926,27.75193669341165,0
42,24691,508,36068,0.6830561746230628,10.983393537862536,0
30,31203,671,20324,0.7900377747100189,3.1091017944238675,0
31,67428,563,41223,0.6538990047476785,21.07216097598606,0
29,26727,546,7357,0.5209688494819944,8.983731718027638,1
51,68578,606,12183,0.3374542088742487,8.065707387125151,0
35,46776,658,20103,0.4812168140975246,29.93932366674781,0
27,42186,511,8456,0.1287477209532838,25.74416775079963,1
57,53081,788,15574,0.6213775528709392,12.23813455103523,0
31,29819,717,42356,0.4121688815644713,29.407836234494972,0
43,62360,613,47671,0.11401626081253134,19.50339670257641,1
47,75344,559,18707,0.14375485905728758,22.260673556392806,0
27,63058,641,16903,0.37122652467522965,0.9453912924663477,0
47,46302,739,17595,0.5083950633129046,3.6481577804417133,1
55,26929,724,17497,0.4249427642664887,18.99255379488715,0
45,27506,755,6616,0.5334430221045084,26.97071947948452,0
27,30055,601,46711,0.43620598115394904,18.712311782627868,0
69,49815,357,14616,0.5631926918369428,4.020746829569753,0
47,51701,774,23900,0.2533882452695606,3.472801387389739,0
47,63026,633,5435,0.178990231028535,25.32557687472245,0
56,23059,716,43607,0.5175037682379621,4.179070161237429,1
60,69668,816,37902,0.4392826618554153,15.606958815120763,1
55,60416,850,47604,0.11880735783145471,1.1133995988690681,1
46,45097,585,40172,0.3663373198451251,2.420093021735321,0
36,32153,663,19116,0.17428790984369685,20.170448029285943,0
28,68737,786,16154,0.47194978222688666,20.6754423128255,1
52,45498,565,36397,0.37704437576230154,10.244082198253272,1
39,49699,591,21385,0.5292063377721126,6.468292957291343,0
32,55754,591,30479,0.6639215531391668,24.411308122719237,0
47,36302,647,5281,0.3097680786890436,6.5130968840967105,0
67,45767,627,7784,0.7734714729155193,16.26081208999139,0
48,62979,590,29091,0.4749441504113021,29.046265225887165,0
32,61461,553,30473,0.5328035591283516,4.435573135871513,1
65,61596,731,38815,0.5764706612580159,28.226288024841267,0
54,32672,783,10938,0.5667120709003128,5.48679159206006,0
25,46451,798,28093,0.45767952013154345,17.023296240696887,0
37,44054,601,13750,0.40013500378027844,11.310231358762339,0
24,56377,735,9193,0.13764737492416454,28.947858045054776,0
66,55034,673,23472,0.11546009171082583,8.206260870058108,0
44,52331,592,12350,0.35057283617293533,11.98974006257261,0
21,86986,723,14980,0.3335626234435849,29.485803535662615,0
29,45637,588,19289,0.37138660838730475,16.094111735654195,0
49,43882,612,16672,0.19685774062173303,15.078903468637604,0
69,32648,512,8941,0.6167177893757906,7.733354646119739,0
64,26932,603,9046,0.6998750903433674,21.040906809313242,1
24,31695,675,13696,0.7571002447618246,0.4311885533333293,0
52,39219,806,7275,0.44465361246373813,1.485378891068806,1
20,69651,614,33190,0.5906059893878001,17.98075761407408,0
37,50587,546,17929,0.6988857864051108,10.250237214553623,1
51,52899,799,17588,0.3928037777654402,28.599491166028816,1
66,48555,599,19939,0.31658895640931106,27.09572072168357,0
68,55479,475,34825,0.7557071890974432,21.411187760301218,0
30,71031,663,44178,0.4609735857539512,24.54436743383404,0
40,20091,617,39158,0.4480777206136146,20.0199554900308,1
45,68275,850,37738,0.22489126759444705,3.7674630813048204,0
44,12274,697,26797,0.17570851020134975,22.96630109067608,0
41,50423,635,36221,0.6894748037384582,6.305759061565391,0
46,82878,557,29874,0.5298932233312627,9.703285653005903,1
68,60209,683,14731,0.32807720881361413,24.577026363072605,0
32,55595,795,14386,0.23421535217318654,16.095768251803445,0
52,80029,681,18337,0.488848096118742,25.798221425502277,0
53,39454,565,45986,0.5087435024827948,6.391059595297925,0
60,56509,703,29633,0.24489552087154073,18.233353158206615,0
54,58671,645,38025,0.6959840235240318,2.513729176447849,0
20,42163,694,20595,0.15898505630909576,19.29182980620089,0
40,43488,614,23347,0.3492651596164952,22.876021133266043,1
67,41843,612,10650,0.5762690896337656,17.54792681936165,0
25,51309,608,12708,0.2918842546734405,7.986945044964307,0
47,58200,744,42231,0.6793726363468903,0.9402800657660015,0
36,51848,613,31317,0.6179074786202825,3.583466518928573,0
24,60641,604,20188,0.652315991183694,18.669089372220785,0
50,20462,555,41128,0.18337457511370142,28.032606505275414,0
24,46726,695,16093,0.19838298959688005,6.196032119160192,0
57,34648,681,48921,0.30053161642120857,22.050784473152962,0
22,54525,605,20516,0.4626540156382928,25.993531897471247,0
42,54303,579,20178,0.6236112536895817,15.626465353425331,1
56,48265,837,19036,0.6855716235326325,20.077973875309734,0
56,57654,461,10495,0.5930347211700264,24.450459500284445,1
29,64967,699,10001,0.7500178170714469,7.8202547322178075,0
29,49092,779,34164,0.6171204567311512,8.906870228041289,0
38,34224,311,44380,0.3143875209032303,0.01882549885368512,0
36,26281,729,40573,0.2855568990370008,28.892823926934074,1
40,50541,627,11349,0.587334715210763,27.526346837890344,0
33,53628,675,29551,0.23500939808273,22.93704791278291,0
28,35457,617,9751,0.16490036756718893,2.3722806292994436,0
65,60886,757,7038,0.47255601239933576,13.425086690985244,0
20,43115,686,34537,0.6751490988452687,3.056752619146584,0
64,25153,663,29081,0.17096588972890447,0.4776080178839581,0
32,68846,560,8691,0.6543239266570104,18.485488956377917,0
23,67159,838,6572,0.6681004030460836,28.824882512405654,1
20,19766,650,49539,0.43759180005708054,27.086040702964503,0
68,41560,850,6350,0.14011721700734078,20.90264444806213,0
59,40976,842,25003,0.2222128958730305,2.8992175249461427,0
51,74592,472,27707,0.5951983926133527,8.224921130169005,1
53,48510,584,10277,0.5982445614936647,9.60170180655873,1
47,27561,546,12607,0.7288486926173657,22.894501732366837,1
50,63231,645,20831,0.507880302588208,24.067475377053423,0
27,31538,668,39275,0.1868751573996442,11.553183689697612,1
58,46094,672,27818,0.18499043385348052,12.53651989852829,0
45,38453,755,33705,0.6047926501497766,1.33527117828514,0
53,41593,799,49332,0.2286492655755308,8.67410155256283,0
22,64058,746,39560,0.3298698497316238,13.538555315329198,0
69,72819,593,24546,0.4410484048453398,3.5094913915577273,1
31,30884,571,25089,0.11733541430330585,13.59802382265064,0
20,59391,650,32844,0.27417331891395236,25.59527436773401,0
63,39008,692,34941,0.38552272595509607,17.4396305917516,0
24,39474,631,27531,0.2957454229452444,2.3678956511523697,0
49,57359,515,34018,0.19545922922729608,5.750139564908229,0
49,34581,718,6058,0.6096085804573382,14.236330504756687,0
36,57059,610,24333,0.6692033586175895,10.844614494654362,1
67,60951,607,17552,0.28023528330060743,10.761810586382962,0
66,43512,644,10812,0.6420936462244123,15.878023444307704,0
42,69906,626,9479,0.36988749508091967,17.53187764768372,0
34,30907,613,32143,0.45468005359780195,23.905847108285734,0
56,70181,521,28562,0.699200752425207,10.22899690387454,1
40,20840,638,16411,0.6249675772616855,24.1639884912176,0
33,90495,720,26192,0.6635817959213244,10.158336873378977,0
21,43906,676,27150,0.1957916166104498,1.6629896682370149,0
30,32565,744,13775,0.14880359808361066,16.625629530143733,0
58,46509,577,34344,0.725383310361591,17.637069746844436,0
57,34302,522,40141,0.37148398869976607,28.036207368655802,0
53,55804,625,40615,0.3015157746487766,21.781839781874233,0
57,70514,588,32111,0.6072873779832771,27.533179574833184,0
69,35098,598,28023,0.6854909176058996,27.250416307290287,0
53,58690,671,7745,0.7037427353288107,18.137223307747263,0
37,27008,599,17952,0.3211979987876592,15.832861960093426,0
49,65494,524,9197,0.6965486738411718,16.723229014907997,0
34,56243,594,48372,0.1286537610620418,29.349924230317434,1
46,66142,684,11078,0.13476304402180322,23.195030752408766,0
53,48164,717,11829,0.5364634366219082,3.1879771437718754,0
57,43472,716,45030,0.1441744583808824,23.352852203441998,0
52,62241,692,47476,0.3272264179571131,5.116141466946776,1
43,30379,633,39462,0.5709291903728468,13.420516470168769,0
34,23857,690,5243,0.33608682723795846,6.313790165296028,1
49,49925,645,5060,0.22571984700806716,20.687491965996895,0
61,44156,661,22014,0.29694543529768913,26.31929208579107,1
36,58307,556,11452,0.42030273257530226,8.710856561000428,1
24,66373,654,5827,0.43277009874883776,2.460322236245629,0
48,57995,687,25883,0.6481001619430414,8.954792942248899,0
23,65178,684,47437,0.6251072606020588,20.17085573796583,0
29,54815,521,19571,0.4197724631892946,9.862803826633499,0
36,57418,659,34751,0.69196714436914,8.343365026614102,0
29,48250,505,34350,0.17996599701397709,5.533055717527948,0
36,56975,667,16298,0.27874734516023103,14.925492806233006,0
39,52499,579,34269,0.6795835244515761,8.278464844715627,0
43,54877,820,14555,0.3645958270383072,21.930310474184495,0
24,47499,661,10490,0.7868270911556896,2.2986720597660817,0
53,62133,730,36562,0.4263772970694848,19.920990993339526,0
25,39343,850,10104,0.6543549360746349,7.126800437033096,1
21,49724,568,49860,0.38161492896766036,14.678377831548094,0
32,69676,693,13255,0.3974674633437013,8.582697660937818,0
62,35769,531,31736,0.3680182030989285,21.68306028032387,0
62,17572,684,23511,0.6033529343575682,28.3592112075491,0
67,55496,826,10687,0.4832625188419961,27.5123033840944,0
30,46145,587,6252,0.7606446779578584,17.502786454322734,0
66,65162,561,33022,0.27562322157387337,13.878309097709352,1
42,48042,640,41304,0.17039391245841107,24.549015283181454,0
35,40934,850,42890,0.37528303956945064,20.4997908788319,0
50,48862,727,26722,0.5316988953527433,5.506923426507986,1
30,66396,559,39985,0.7025592558408466,24.627576408390006,0
35,58630,795,35278,0.3423378206762294,12.866531681841305,1
27,13491,484,37591,0.5576507257871232,5.669569799135253,1
23,52786,850,27166,0.3451390767162533,8.453920511894774,0
59,53536,735,33503,0.5320537080961207,8.025810907450271,0
23,49726,826,41248,0.7193655629214557,15.576209238103804,0
44,40836,485,22904,0.26195034958158636,7.031102720336265,0
22,67917,666,41269,0.38296914947492744,3.7069946220472847,0
51,68660,636,31640,0.7952856375008226,3.710725518412822,1
22,16952,549,12465,0.7079899197746226,17.4982859141729,0
46,38030,520,6110,0.49524790052734147,22.042778665481357,0
48,47829,700,21323,0.46163931429799276,9.645990265150225,0
51,64227,709,29601,0.2992202676132767,1.0395212944205123,0
69,50522,779,42791,0.46204659938547066,3.816746608110322,0
38,39746,599,10736,0.693727048795963,27.440836810111712,0
40,60643,635,41009,0.5796221592944465,14.80630978768359,0
24,46829,511,43835,0.3030308197245906,13.607184288455244,0
37,48238,804,11780,0.24102474473747307,1.1414753493027274,0
47,49592,656,43321,0.2856459758977804,21.859110669506972,0
61,58614,722,49615,0.21883144097497859,15.842042427962367,0
41,45371,725,37707,0.16694848721660116,6.062428082595623,0
40,60304,795,40314,0.3933953221094385,3.302212805431716,0
25,48903,566,49748,0.1793097230787874,11.501635908959955,0
20,33994,719,32246,0.22033879040897306,25.11485892585077,0
24,49448,647,18854,0.4831272790376403,25.958836776030736,0
60,34771,850,42688,0.21521949158970233,18.085391411869093,0
31,50614,566,32651,0.144715837201632,21.82609281690428,0
45,62442,767,31153,0.32217219501951966,3.4546736220861107,0
65,33895,685,16413,0.2542233690353773,17.643781964035647,0
53,55464,679,39035,0.4607136315960637,20.00897110461545,0
68,37564,655,8675,0.17165695920824653,6.021385287413766,1
33,53025,784,46592,0.6262395513780847,26.404641987307766,0
45,62903,676,19662,0.734363463604597,5.849902125630592,0
64,18057,497,10749,0.6204046217693361,9.404320795393513,0
46,33282,771,24906,0.47297892618097603,18.61670541070376,0
28,44465,753,6911,0.7024674752522196,19.150501953921925,1
45,54725,708,35808,0.5864428658470553,20.981542229621017,0
66,47504,537,45621,0.10738578571513291,3.3603513920461703,1
41,49311,552,42676,0.3758631069421522,25.483932897856658,0
66,80644,462,10731,0.69566632958476,15.985413968497795,0
49,31813,696,10682,0.34210120058268856,14.13965382315205,0
62,67032,515,41604,0.12465062146786646,29.432928735405287,0
67,44750,478,46591,0.6223257469865906,22.211348908230594,0
36,58242,777,25730,0.661426789198008,3.540180798581246,0
45,81934,726,27453,0.212415586530316,22.696175016787222,0
55,60330,616,19321,0.4761383477902269,2.8574680191860846,0
20,55587,636,45241,0.23436880729700804,0.8241168753895456,1
27,73986,409,34020,0.6034640933309028,12.108776858096913,0
68,66871,741,17971,0.29008531862424,29.807345184576562,0
54,38009,580,18445,0.32135058579433107,5.24651808584588,0
34,54417,683,45104,0.691479597548071,20.179330305803703,0
66,24237,401,5613,0.43342564654483307,5.201881986183581,0
41,41897,747,19522,0.5688281158527735,21.743609248751582,0
33,54710,574,29946,0.38166113550572733,15.160610047134783,1
45,40968,512,11669,0.30860480003562885,20.39915130268129,0
47,54100,616,9144,0.537834642297263,6.086195277427038,0
42,49799,590,41687,0.2084003018551749,22.36884997561506,0
33,58046,757,45248,0.3610998848968041,29.8685717886812,0
43,43637,607,42062,0.24632592617014562,19.969515018778793,0
21,35897,786,45445,0.5870564768585219,14.80439994218633,0
64,72171,683,29890,0.7609461868422753,27.695219658577944,0
45,42564,739,41551,0.7968576776111065,0.475555266956289,1
33,59900,649,22281,0.4151937673091135,21.897705578574634,0
26,71528,777,34982,0.27677127274551117,26.662395504414388,0
22,52440,534,49497,0.4099805592690269,1.8502375086287237,0
66,37155,661,15157,0.6930885869739067,13.501925112472746,0
42,47320,610,22545,0.24420397498642793,6.1415836184999675,0
65,65263,789,26602,0.7664669561570466,16.995544967634903,0
62,53093,799,11210,0.33930603815870575,19.486288758109815,0
66,31922,650,8646,0.7900625616152135,9.07869548786265,1
64,58949,520,42337,0.6870262212737736,13.799450090343026,1
37,61542,692,48955,0.6659993739031732,8.380184558296785,0
57,44670,483,23212,0.3225332716412985,11.081734933653413,1
54,59153,812,8944,0.10614404836355062,4.786198700652707,0
34,53675,602,7961,0.3674930361781915,26.566783307568944,0
44,47038,646,45109,0.3112665587638856,0.30031231677409287,1
56,30596,581,25871,0.1261778932861581,26.472275593313654,0
47,66169,559,19401,0.45375567955415086,17.150366350492156,0
29,61388,723,26440,0.3821219178979156,9.949735325310524,0
58,58758,634,19323,0.5441895274190673,21.691713763809894,0
36,73167,654,27006,0.5348304255358582,15.232564555879929,1
58,64177,549,43680,0.18452264512767608,14.973259743228196,0
41,60298,735,31653,0.7838758822886358,3.304268487568993,0
45,16801,745,36259,0.23085200060901287,11.68548077836226,0
63,67953,629,21410,0.41169181733529325,7.231930375702099,0
44,51246,776,38232,0.44168228040361446,0.4708771678883894,0
36,54687,639,34997,0.6691439580498841,10.802988923463397,0
32,54789,727,10380,0.16946071726625275,2.6946638827681424,0
39,61607,487,30768,0.4000509954459722,7.704901131755556,0
44,66832,685,16553,0.5399515191653428,2.7754986354928333,1
23,59513,622,41184,0.2506089351368389,3.0282487666919655,0
29,57129,665,24167,0.539227529136251,5.970338832455648,0
22,53472,661,49760,0.7465653862847569,29.995477334592007,0
60,10000,662,9162,0.7982626918208725,0.06552428571746316,1
64,45686,711,40115,0.122715753753473,19.160179083612157,1
37,35876,593,35316,0.2649117597712743,4.23731094079672,0
66,68161,706,39537,0.3172149810541882,27.618844101323276,0
55,59285,773,18838,0.37938827031147626,2.808986800008877,0
66,43127,508,27142,0.2695800103093372,28.651895613787094,0
41,44634,571,40842,0.24244159618871877,18.32779162450434,0
53,44090,576,15464,0.76818768969225,0.03804230746470738,0
66,43822,540,15171,0.7429651219393626,26.82021593750418,1
27,28331,602,29797,0.13289475070218223,15.651354041007549,0
59,25080,753,28560,0.33716911512339376,7.880092059914537,1
68,50435,794,17701,0.3836039875748847,23.018375325468902,0
63,66129,660,18413,0.2673101742661604,27.7999666166061,0
38,41934,617,17503,0.5402110278917229,14.510724694403818,0
61,54551,730,39718,0.5482665226509688,9.466604233293326,0
60,61013,413,34335,0.695352959830018,23.668353718047804,0
56,35099,544,42458,0.6186084878696525,20.453564933653638,1
25,49700,417,48896,0.479801328876169,26.662574512508172,1
45,40002,543,26337,0.5575107390310939,20.77542038283579,1
53,74091,573,8001,0.2917921470801127,7.3058501669860885,0
64,73436,797,7164,0.5151393329771504,27.949777492770572,1
25,35114,373,18304,0.44245907832494347,3.1450724161797394,0
56,55788,608,46964,0.1933411271214593,8.038282503205437,0
